{
  "url" : "https://registratiemoduleavt.mendixcloud.com",
  "identifier" : "com.mendixcloud.registratiemoduleavt",
  "version" : "0.0.2",
  "name" : "AVT + LAP",
  "description" : "Ledenportaal op AVT",
  "iosEnabled" : false,
  "androidEnabled" : true,
  "requirePin" : true,
  "enableOffline" : false,
  "permissions" : {
    "calendar" : false,
    "camera" : false,
    "photoLibrary" : false,
    "contacts" : false,
    "microphone" : false,
    "geoLocation" : false,
    "push" : false
  },
  "theme" : {
    "background" : "#0595DB",
    "text" : "#ffffff",
    "button" : "#76CA02",
    "buttonCaption" : "#ffffff"
  }
}